{
  "project_info": {
    "project_number": "819808730893",
    "firebase_url": "https://gauchoshare.firebaseio.com",
    "project_id": "gauchoshare",
    "storage_bucket": "gauchoshare.appspot.com"
  },
  "client": [
    {
      "client_info": {
        "mobilesdk_app_id": "1:819808730893:android:5bc03107ecf10ba7363a44",
        "android_client_info": {
          "package_name": "edu.ucsb.cs.cs184.jingjingyu.gauchoshare"
        }
      },
      "oauth_client": [
        {
          "client_id": "819808730893-5vjk150gpd9tuataif1e0bfc28bsau6m.apps.googleusercontent.com",
          "client_type": 1,
          "android_info": {
            "package_name": "edu.ucsb.cs.cs184.jingjingyu.gauchoshare",
            "certificate_hash": "55ec84c580471798c71e9f00399a75c8c5076030"
          }
        },
        {
          "client_id": "819808730893-1bvrd406ls43tilpeggmtlih8ihkk8q0.apps.googleusercontent.com",
          "client_type": 3
        }
      ],
      "api_key": [
        {
          "current_key": "AIzaSyAvkyiwuJlQ1iusyl2GPThulwFNLa1hf0o"
        }
      ],
      "services": {
        "appinvite_service": {
          "other_platform_oauth_client": [
            {
              "client_id": "819808730893-1bvrd406ls43tilpeggmtlih8ihkk8q0.apps.googleusercontent.com",
              "client_type": 3
            }
          ]
        }
      }
    }
  ],
  "configuration_version": "1"
}